,tripduration,starttime,stoptime,start station id,start station name,start station latitude,start station longitude,end station id,end station name,end station latitude,end station longitude,bikeid,usertype,birth year,gender
0,814,19/07/2013 15:36,19/07/2013 15:50,510,W 51 St & 6 Ave,40.7606597,-73.98042047,388,W 26 St & 10 Ave,40.74971775,-74.00295035,17752,Subscriber,1962,1
1,1764,19/07/2013 15:42,19/07/2013 16:12,388,W 26 St & 10 Ave,40.74971775,-74.00295035,161,LaGuardia Pl & W 3 St,40.72917025,-73.99810231,16634,Subscriber,1976,1
2,524,19/07/2013 15:47,19/07/2013 15:56,388,W 26 St & 10 Ave,40.74971775,-74.00295035,444,Broadway & W 24 St,40.7423543,-73.98915076,16427,Subscriber,1977,1
3,422,19/07/2013 15:54,19/07/2013 16:01,388,W 26 St & 10 Ave,40.74971775,-74.00295035,523,W 38 St & 8 Ave,40.75466591,-73.99138152,19852,Subscriber,1981,1
4,445,19/07/2013 15:55,19/07/2013 16:03,388,W 26 St & 10 Ave,40.74971775,-74.00295035,523,W 38 St & 8 Ave,40.75466591,-73.99138152,20571,Subscriber,1984,1
5,658,19/07/2013 16:05,19/07/2013 16:16,388,W 26 St & 10 Ave,40.74971775,-74.00295035,488,W 39 St & 9 Ave,40.75645824,-73.99372222,17015,Subscriber,1966,1
6,846,19/07/2013 16:05,19/07/2013 16:19,359,E 47 St & Park Ave,40.75510267,-73.97498696,388,W 26 St & 10 Ave,40.74971775,-74.00295035,19670,Subscriber,1965,1
7,11315,19/07/2013 16:07,19/07/2013 19:16,327,Vesey Pl & River Terrace,40.7153379,-74.01658354,388,W 26 St & 10 Ave,40.74971775,-74.00295035,18922,Subscriber,1976,1
8,939,19/07/2013 16:14,19/07/2013 16:30,388,W 26 St & 10 Ave,40.74971775,-74.00295035,380,W 4 St & 7 Ave S,40.73401143,-74.00293877,20203,Subscriber,1968,1
9,457,19/07/2013 16:15,19/07/2013 16:23,388,W 26 St & 10 Ave,40.74971775,-74.00295035,225,W 14 St & The High Line,40.74195138,-74.00803013,16781,Subscriber,1964,1
10,699,19/07/2013 16:20,19/07/2013 16:31,388,W 26 St & 10 Ave,40.74971775,-74.00295035,284,Greenwich Ave & 8 Ave,40.73901691,-74.00263761,17752,Subscriber,1990,2
11,1196,19/07/2013 16:23,19/07/2013 16:43,388,W 26 St & 10 Ave,40.74971775,-74.00295035,303,Mercer St & Spring St,40.72362738,-73.99949601,17814,Subscriber,1979,2
12,221,19/07/2013 16:24,19/07/2013 16:28,388,W 26 St & 10 Ave,40.74971775,-74.00295035,494,W 26 St & 8 Ave,40.74734825,-73.99723551,17416,Subscriber,1959,2
13,1241,19/07/2013 16:28,19/07/2013 16:49,329,Greenwich St & N Moore St,40.72043411,-74.01020609,388,W 26 St & 10 Ave,40.74971775,-74.00295035,15788,Subscriber,1957,2
14,384,19/07/2013 16:41,19/07/2013 16:47,388,W 26 St & 10 Ave,40.74971775,-74.00295035,453,W 22 St & 8 Ave,40.74475148,-73.99915362,14768,Subscriber,1961,1
15,2927,19/07/2013 16:46,19/07/2013 17:35,388,W 26 St & 10 Ave,40.74971775,-74.00295035,326,E 11 St & 1 Ave,40.72953837,-73.98426726,19571,Subscriber,1979,2
16,477,19/07/2013 16:48,19/07/2013 16:56,388,W 26 St & 10 Ave,40.74971775,-74.00295035,521,8 Ave & W 31 St,40.75044999,-73.99481051,19991,Subscriber,1976,1
17,1640,19/07/2013 16:49,19/07/2013 17:16,388,W 26 St & 10 Ave,40.74971775,-74.00295035,251,Mott St & Prince St,40.72317958,-73.99480012,17629,Subscriber,1982,1
18,1623,19/07/2013 16:49,19/07/2013 17:16,388,W 26 St & 10 Ave,40.74971775,-74.00295035,531,Forsyth St & Broome St,40.71893904,-73.99266288,20002,Subscriber,1981,2
19,379,19/07/2013 16:53,19/07/2013 16:59,435,W 21 St & 6 Ave,40.74173969,-73.99415556,388,W 26 St & 10 Ave,40.74971775,-74.00295035,16685,Subscriber,1969,1
20,664,19/07/2013 16:57,19/07/2013 17:08,486,Broadway & W 29 St,40.7462009,-73.98855723,388,W 26 St & 10 Ave,40.74971775,-74.00295035,15688,Subscriber,1975,1
21,334,19/07/2013 16:59,19/07/2013 17:04,388,W 26 St & 10 Ave,40.74971775,-74.00295035,379,W 31 St & 7 Ave,40.749156,-73.9916,15788,Subscriber,1985,1
22,1082,19/07/2013 16:59,19/07/2013 17:17,388,W 26 St & 10 Ave,40.74971775,-74.00295035,153,E 40 St & 5 Ave,40.75206231,-73.9816324,14849,Subscriber,1971,2
23,577,19/07/2013 17:01,19/07/2013 17:11,388,W 26 St & 10 Ave,40.74971775,-74.00295035,456,E 53 St & Madison Ave,40.7597108,-73.97402311,16129,Subscriber,1969,1
24,956,19/07/2013 17:05,19/07/2013 17:21,444,Broadway & W 24 St,40.7423543,-73.98915076,388,W 26 St & 10 Ave,40.74971775,-74.00295035,17824,Subscriber,1972,1
25,1224,19/07/2013 17:11,19/07/2013 17:31,348,W Broadway & Spring St,40.72490985,-74.00154702,388,W 26 St & 10 Ave,40.74971775,-74.00295035,16690,Subscriber,1974,1
26,305,19/07/2013 17:15,19/07/2013 17:20,388,W 26 St & 10 Ave,40.74971775,-74.00295035,325,E 19 St & 3 Ave,40.73624527,-73.98473765,17181,Subscriber,1976,1
27,737,19/07/2013 17:16,19/07/2013 17:28,388,W 26 St & 10 Ave,40.74971775,-74.00295035,514,12 Ave & W 40 St,40.76087502,-74.00277668,16685,Subscriber,1980,2
28,1515,19/07/2013 17:18,19/07/2013 17:43,388,W 26 St & 10 Ave,40.74971775,-74.00295035,401,Allen St & Rivington St,40.72019576,-73.98997825,17054,Subscriber,1992,1
29,161,19/07/2013 17:19,19/07/2013 17:22,388,W 26 St & 10 Ave,40.74971775,-74.00295035,494,W 26 St & 8 Ave,40.74734825,-73.99723551,15688,Subscriber,1974,1
30,1092,19/07/2013 17:24,19/07/2013 17:42,290,2 Ave & E 58 St,40.76020258,-73.96478473,388,W 26 St & 10 Ave,40.74971775,-74.00295035,19532,Subscriber,1987,1
31,875,19/07/2013 17:42,19/07/2013 17:57,388,W 26 St & 10 Ave,40.74971775,-74.00295035,517,Pershing Square S,40.75149263,-73.97798848,17824,Subscriber,1969,2
32,1078,19/07/2013 17:44,19/07/2013 18:02,505,6 Ave & W 33 St,40.74901271,-73.98848395,388,W 26 St & 10 Ave,40.74971775,-74.00295035,17331,Subscriber,1996,1
33,297,19/07/2013 17:45,19/07/2013 17:50,388,W 26 St & 10 Ave,40.74971775,-74.00295035,442,W 27 St & 7 Ave,40.746647,-73.993915,16690,Subscriber,1976,1
34,2135,19/07/2013 17:47,19/07/2013 18:22,337,Old Slip & Front St,40.7037992,-74.00838676,388,W 26 St & 10 Ave,40.74971775,-74.00295035,17190,Subscriber,1988,1
35,1748,19/07/2013 17:49,19/07/2013 18:18,388,W 26 St & 10 Ave,40.74971775,-74.00295035,327,Vesey Pl & River Terrace,40.7153379,-74.01658354,14851,Subscriber,1983,1
36,216,19/07/2013 18:01,19/07/2013 18:05,388,W 26 St & 10 Ave,40.74971775,-74.00295035,488,W 39 St & 9 Ave,40.75645824,-73.99372222,15282,Subscriber,1967,1
37,481,19/07/2013 18:01,19/07/2013 18:09,388,W 26 St & 10 Ave,40.74971775,-74.00295035,521,8 Ave & W 31 St,40.75044999,-73.99481051,19532,Subscriber,1963,1
38,2040,19/07/2013 18:06,19/07/2013 18:40,388,W 26 St & 10 Ave,40.74971775,-74.00295035,301,E 2 St & Avenue B,40.72217444,-73.98368779,17331,Subscriber,1979,1
39,1625,19/07/2013 18:10,19/07/2013 18:37,304,Broadway & Battery Pl,40.70463334,-74.01361706,388,W 26 St & 10 Ave,40.74971775,-74.00295035,19515,Subscriber,1975,1
40,453,19/07/2013 18:13,19/07/2013 18:21,446,W 24 St & 7 Ave,40.74487634,-73.99529885,388,W 26 St & 10 Ave,40.74971775,-74.00295035,19666,Subscriber,1966,1
41,726,19/07/2013 18:19,19/07/2013 18:31,497,E 17 St & Broadway,40.73704984,-73.99009296,388,W 26 St & 10 Ave,40.74971775,-74.00295035,15922,Subscriber,1985,2
42,1464,19/07/2013 18:19,19/07/2013 18:44,304,Broadway & Battery Pl,40.70463334,-74.01361706,388,W 26 St & 10 Ave,40.74971775,-74.00295035,17716,Subscriber,1969,1
43,669,19/07/2013 18:21,19/07/2013 18:32,388,W 26 St & 10 Ave,40.74971775,-74.00295035,459,W 20 St & 11 Ave,40.746745,-74.007756,15839,Customer,\N,0
44,396,19/07/2013 18:24,19/07/2013 18:30,388,W 26 St & 10 Ave,40.74971775,-74.00295035,446,W 24 St & 7 Ave,40.74487634,-73.99529885,17190,Subscriber,1976,1
45,764,19/07/2013 18:24,19/07/2013 18:37,79,Franklin St & W Broadway,40.71911552,-74.00666661,388,W 26 St & 10 Ave,40.74971775,-74.00295035,14830,Subscriber,1979,1
46,307,19/07/2013 18:31,19/07/2013 18:36,459,W 20 St & 11 Ave,40.746745,-74.007756,388,W 26 St & 10 Ave,40.74971775,-74.00295035,15325,Subscriber,1964,1
47,331,19/07/2013 18:38,19/07/2013 18:44,225,W 14 St & The High Line,40.74195138,-74.00803013,388,W 26 St & 10 Ave,40.74971775,-74.00295035,15469,Customer,\N,0
48,482,19/07/2013 18:40,19/07/2013 18:48,470,W 20 St & 8 Ave,40.74345335,-74.00004031,388,W 26 St & 10 Ave,40.74971775,-74.00295035,19132,Customer,\N,0
49,544,19/07/2013 18:43,19/07/2013 18:52,388,W 26 St & 10 Ave,40.74971775,-74.00295035,474,5 Ave & E 29 St,40.7451677,-73.98683077,14830,Subscriber,1982,1
50,1590,19/07/2013 18:45,19/07/2013 19:12,426,West St & Chambers St,40.71754834,-74.01322069,388,W 26 St & 10 Ave,40.74971775,-74.00295035,16867,Subscriber,1990,1
51,748,19/07/2013 18:48,19/07/2013 19:00,388,W 26 St & 10 Ave,40.74971775,-74.00295035,280,E 10 St & 5 Ave,40.73331967,-73.99510132,19515,Subscriber,1964,1
52,875,19/07/2013 18:49,19/07/2013 19:04,388,W 26 St & 10 Ave,40.74971775,-74.00295035,540,Lexington Ave & E 26 St,40.74147286,-73.98320928,15922,Subscriber,1986,2
53,474,19/07/2013 18:52,19/07/2013 19:00,388,W 26 St & 10 Ave,40.74971775,-74.00295035,540,Lexington Ave & E 26 St,40.74147286,-73.98320928,17716,Subscriber,1976,1
54,717,19/07/2013 18:55,19/07/2013 19:07,388,W 26 St & 10 Ave,40.74971775,-74.00295035,478,11 Ave & W 41 St,40.76030096,-73.99884222,15469,Subscriber,1983,1
55,525,19/07/2013 19:03,19/07/2013 19:11,444,Broadway & W 24 St,40.7423543,-73.98915076,388,W 26 St & 10 Ave,40.74971775,-74.00295035,14778,Subscriber,1983,1
56,538,19/07/2013 19:04,19/07/2013 19:13,388,W 26 St & 10 Ave,40.74971775,-74.00295035,446,W 24 St & 7 Ave,40.74487634,-73.99529885,19670,Subscriber,1979,1
57,270,19/07/2013 19:04,19/07/2013 19:08,388,W 26 St & 10 Ave,40.74971775,-74.00295035,521,8 Ave & W 31 St,40.75044999,-73.99481051,15325,Subscriber,1993,1
58,635,19/07/2013 19:06,19/07/2013 19:16,469,Broadway & W 53 St,40.76344058,-73.98268129,388,W 26 St & 10 Ave,40.74971775,-74.00295035,17983,Subscriber,1984,1
59,1396,19/07/2013 19:15,19/07/2013 19:38,388,W 26 St & 10 Ave,40.74971775,-74.00295035,347,W Houston St & Hudson St,40.72873888,-74.00748842,16867,Subscriber,1977,2
60,783,19/07/2013 19:15,19/07/2013 19:28,540,Lexington Ave & E 26 St,40.74147286,-73.98320928,388,W 26 St & 10 Ave,40.74971775,-74.00295035,15922,Subscriber,1984,2
61,559,19/07/2013 19:16,19/07/2013 19:25,446,W 24 St & 7 Ave,40.74487634,-73.99529885,388,W 26 St & 10 Ave,40.74971775,-74.00295035,17264,Subscriber,1972,1
62,928,19/07/2013 19:18,19/07/2013 19:34,388,W 26 St & 10 Ave,40.74971775,-74.00295035,485,W 37 St & 5 Ave,40.75038009,-73.98338988,18922,Subscriber,1970,1
63,1417,19/07/2013 19:24,19/07/2013 19:48,426,West St & Chambers St,40.71754834,-74.01322069,388,W 26 St & 10 Ave,40.74971775,-74.00295035,20206,Subscriber,1967,1
64,780,19/07/2013 19:27,19/07/2013 19:40,388,W 26 St & 10 Ave,40.74971775,-74.00295035,495,W 47 St & 10 Ave,40.76269882,-73.99301222,17264,Subscriber,1975,1
65,350,19/07/2013 19:34,19/07/2013 19:40,446,W 24 St & 7 Ave,40.74487634,-73.99529885,388,W 26 St & 10 Ave,40.74971775,-74.00295035,17590,Subscriber,1971,1
66,350,19/07/2013 19:34,19/07/2013 19:40,388,W 26 St & 10 Ave,40.74971775,-74.00295035,448,W 37 St & 10 Ave,40.75660359,-73.9979009,15922,Subscriber,1975,1
67,2020,19/07/2013 19:44,19/07/2013 20:17,151,Cleveland Pl & Spring St,40.7218158,-73.99720307,388,W 26 St & 10 Ave,40.74971775,-74.00295035,17600,Subscriber,1975,2
68,3077,19/07/2013 19:44,19/07/2013 20:36,388,W 26 St & 10 Ave,40.74971775,-74.00295035,514,12 Ave & W 40 St,40.76087502,-74.00277668,15706,Subscriber,1974,1
69,147,19/07/2013 19:47,19/07/2013 19:50,152,Warren St & Church St,40.71473993,-74.00910627,388,W 26 St & 10 Ave,40.74971775,-74.00295035,17452,Subscriber,1974,1
70,730,19/07/2013 19:51,19/07/2013 20:03,388,W 26 St & 10 Ave,40.74971775,-74.00295035,284,Greenwich Ave & 8 Ave,40.73901691,-74.00263761,17590,Subscriber,1968,2
71,400,19/07/2013 19:58,19/07/2013 20:05,388,W 26 St & 10 Ave,40.74971775,-74.00295035,480,W 53 St & 10 Ave,40.76669671,-73.99061728,17452,Subscriber,1986,1
72,730,19/07/2013 20:04,19/07/2013 20:16,494,W 26 St & 8 Ave,40.74734825,-73.99723551,388,W 26 St & 10 Ave,40.74971775,-74.00295035,20199,Subscriber,1968,1
73,885,19/07/2013 20:08,19/07/2013 20:23,161,LaGuardia Pl & W 3 St,40.72917025,-73.99810231,388,W 26 St & 10 Ave,40.74971775,-74.00295035,19131,Subscriber,1969,1
74,1263,19/07/2013 20:11,19/07/2013 20:32,439,E 4 St & 2 Ave,40.7262807,-73.98978041,388,W 26 St & 10 Ave,40.74971775,-74.00295035,15943,Subscriber,1957,1
75,1127,19/07/2013 20:14,19/07/2013 20:33,380,W 4 St & 7 Ave S,40.73401143,-74.00293877,388,W 26 St & 10 Ave,40.74971775,-74.00295035,17734,Subscriber,1965,1
76,1587,19/07/2013 20:17,19/07/2013 20:44,195,Liberty St & Broadway,40.70905623,-74.01043382,388,W 26 St & 10 Ave,40.74971775,-74.00295035,17669,Subscriber,1965,1
77,286,19/07/2013 20:21,19/07/2013 20:25,466,W 25 St & 6 Ave,40.74395411,-73.99144871,388,W 26 St & 10 Ave,40.74971775,-74.00295035,17199,Subscriber,1981,1
78,1721,19/07/2013 20:24,19/07/2013 20:53,388,W 26 St & 10 Ave,40.74971775,-74.00295035,487,E 20 St & FDR Drive,40.73314259,-73.97573881,20206,Subscriber,1972,1
79,413,19/07/2013 20:27,19/07/2013 20:34,388,W 26 St & 10 Ave,40.74971775,-74.00295035,505,6 Ave & W 33 St,40.74901271,-73.98848395,17199,Subscriber,1985,1
80,530,19/07/2013 20:29,19/07/2013 20:38,388,W 26 St & 10 Ave,40.74971775,-74.00295035,434,9 Ave & W 18 St,40.74317449,-74.00366443,14636,Subscriber,1983,1
81,546,19/07/2013 20:32,19/07/2013 20:41,405,Washington St & Gansevoort St,40.739323,-74.008119,388,W 26 St & 10 Ave,40.74971775,-74.00295035,16085,Subscriber,1970,1
82,497,19/07/2013 20:33,19/07/2013 20:42,284,Greenwich Ave & 8 Ave,40.73901691,-74.00263761,388,W 26 St & 10 Ave,40.74971775,-74.00295035,14872,Subscriber,1987,1
83,1262,19/07/2013 20:40,19/07/2013 21:01,388,W 26 St & 10 Ave,40.74971775,-74.00295035,3002,South End Ave & Liberty St,40.711512,-74.015756,17734,Subscriber,1958,1
84,5044,19/07/2013 20:40,19/07/2013 22:04,514,12 Ave & W 40 St,40.76087502,-74.00277668,388,W 26 St & 10 Ave,40.74971775,-74.00295035,16820,Customer,\N,0
85,725,19/07/2013 20:50,19/07/2013 21:02,388,W 26 St & 10 Ave,40.74971775,-74.00295035,2008,Little West St & 1 Pl,40.70569254,-74.01677685,17600,Subscriber,1979,2
86,1362,19/07/2013 20:52,19/07/2013 21:14,320,Church St & Leonard St,40.71743998,-74.00583475,388,W 26 St & 10 Ave,40.74971775,-74.00295035,14555,Subscriber,1983,1
87,550,19/07/2013 21:00,19/07/2013 21:09,388,W 26 St & 10 Ave,40.74971775,-74.00295035,442,W 27 St & 7 Ave,40.746647,-73.993915,15943,Subscriber,1988,1
88,634,19/07/2013 21:03,19/07/2013 21:13,388,W 26 St & 10 Ave,40.74971775,-74.00295035,526,E 33 St & 5 Ave,40.74765947,-73.98490707,14778,Subscriber,1983,1
89,1491,19/07/2013 21:16,19/07/2013 21:41,388,W 26 St & 10 Ave,40.74971775,-74.00295035,339,Avenue D & E 12 St,40.72580614,-73.97422494,14872,Subscriber,1983,1
90,140,19/07/2013 21:20,19/07/2013 21:22,388,W 26 St & 10 Ave,40.74971775,-74.00295035,489,10 Ave & W 28 St,40.75066386,-74.00176802,17669,Subscriber,1986,1
91,825,19/07/2013 21:28,19/07/2013 21:42,329,Greenwich St & N Moore St,40.72043411,-74.01020609,388,W 26 St & 10 Ave,40.74971775,-74.00295035,17840,Subscriber,1983,1
92,1666,19/07/2013 21:28,19/07/2013 21:56,2008,Little West St & 1 Pl,40.70569254,-74.01677685,388,W 26 St & 10 Ave,40.74971775,-74.00295035,20206,Subscriber,1972,1
93,426,19/07/2013 21:29,19/07/2013 21:36,388,W 26 St & 10 Ave,40.74971775,-74.00295035,446,W 24 St & 7 Ave,40.74487634,-73.99529885,14555,Subscriber,1980,1
94,375,19/07/2013 21:29,19/07/2013 21:36,490,8 Ave & W 33 St,40.751551,-73.993934,388,W 26 St & 10 Ave,40.74971775,-74.00295035,18442,Subscriber,1966,1
95,630,19/07/2013 21:30,19/07/2013 21:40,388,W 26 St & 10 Ave,40.74971775,-74.00295035,523,W 38 St & 8 Ave,40.75466591,-73.99138152,17983,Subscriber,1965,1
96,571,19/07/2013 21:30,19/07/2013 21:40,495,W 47 St & 10 Ave,40.76269882,-73.99301222,388,W 26 St & 10 Ave,40.74971775,-74.00295035,17264,Subscriber,1988,1
97,529,19/07/2013 21:32,19/07/2013 21:41,498,Broadway & W 32 St,40.74854862,-73.98808416,388,W 26 St & 10 Ave,40.74971775,-74.00295035,19435,Subscriber,1957,1
98,488,19/07/2013 21:35,19/07/2013 21:43,388,W 26 St & 10 Ave,40.74971775,-74.00295035,488,W 39 St & 9 Ave,40.75645824,-73.99372222,17127,Subscriber,1980,1
99,1221,19/07/2013 21:47,19/07/2013 22:07,249,Harrison St & Hudson St,40.71870987,-74.0090009,388,W 26 St & 10 Ave,40.74971775,-74.00295035,15599,Subscriber,1981,1
100,1323,19/07/2013 21:54,19/07/2013 22:16,388,W 26 St & 10 Ave,40.74971775,-74.00295035,521,8 Ave & W 31 St,40.75044999,-73.99481051,14885,Customer,\N,0
101,705,19/07/2013 21:58,19/07/2013 22:10,466,W 25 St & 6 Ave,40.74395411,-73.99144871,388,W 26 St & 10 Ave,40.74971775,-74.00295035,19329,Subscriber,1975,1
102,677,19/07/2013 21:59,19/07/2013 22:10,466,W 25 St & 6 Ave,40.74395411,-73.99144871,388,W 26 St & 10 Ave,40.74971775,-74.00295035,18448,Subscriber,1983,2
103,434,19/07/2013 22:10,19/07/2013 22:17,404,9 Ave & W 14 St,40.7405826,-74.00550867,388,W 26 St & 10 Ave,40.74971775,-74.00295035,20255,Subscriber,1986,2
104,774,19/07/2013 22:12,19/07/2013 22:25,388,W 26 St & 10 Ave,40.74971775,-74.00295035,448,W 37 St & 10 Ave,40.75660359,-73.9979009,18442,Subscriber,1967,2
105,918,19/07/2013 22:29,19/07/2013 22:45,388,W 26 St & 10 Ave,40.74971775,-74.00295035,474,5 Ave & E 29 St,40.7451677,-73.98683077,16820,Subscriber,1988,1
106,1772,19/07/2013 22:39,19/07/2013 23:08,388,W 26 St & 10 Ave,40.74971775,-74.00295035,2008,Little West St & 1 Pl,40.70569254,-74.01677685,15599,Subscriber,1957,1
107,1399,19/07/2013 22:51,19/07/2013 23:14,336,Sullivan St & Washington Sq,40.73047747,-73.99906065,388,W 26 St & 10 Ave,40.74971775,-74.00295035,17732,Customer,\N,0
108,609,19/07/2013 23:06,19/07/2013 23:16,388,W 26 St & 10 Ave,40.74971775,-74.00295035,479,9 Ave & W 45 St,40.76019252,-73.9912551,20206,Customer,\N,0
109,1136,19/07/2013 23:18,19/07/2013 23:37,388,W 26 St & 10 Ave,40.74971775,-74.00295035,504,1 Ave & E 15 St,40.73221853,-73.98165557,17840,Subscriber,1983,1
110,734,19/07/2013 23:53,20/07/2013 00:05,388,W 26 St & 10 Ave,40.74971775,-74.00295035,453,W 22 St & 8 Ave,40.74475148,-73.99915362,18948,Subscriber,1989,2
111,640,19/07/2013 23:56,20/07/2013 00:07,388,W 26 St & 10 Ave,40.74971775,-74.00295035,518,E 39 St & 2 Ave,40.74780373,-73.9734419,18997,Subscriber,1986,1
112,423,19/07/2013 23:56,20/07/2013 00:03,447,8 Ave & W 52 St,40.76370739,-73.9851615,388,W 26 St & 10 Ave,40.74971775,-74.00295035,15351,Subscriber,1980,1
113,769,20/07/2013 00:09,20/07/2013 00:22,388,W 26 St & 10 Ave,40.74971775,-74.00295035,453,W 22 St & 8 Ave,40.74475148,-73.99915362,15351,Subscriber,1978,2
114,385,20/07/2013 00:11,20/07/2013 00:18,488,W 39 St & 9 Ave,40.75645824,-73.99372222,388,W 26 St & 10 Ave,40.74971775,-74.00295035,15950,Subscriber,1988,1
115,1052,20/07/2013 00:32,20/07/2013 00:50,388,W 26 St & 10 Ave,40.74971775,-74.00295035,146,Hudson St & Reade St,40.71625008,-74.0091059,16085,Subscriber,1983,1
116,789,20/07/2013 00:41,20/07/2013 00:54,388,W 26 St & 10 Ave,40.74971775,-74.00295035,284,Greenwich Ave & 8 Ave,40.73901691,-74.00263761,19435,Subscriber,1970,1
117,372,20/07/2013 01:04,20/07/2013 01:10,423,W 54 St & 9 Ave,40.76584941,-73.98690506,388,W 26 St & 10 Ave,40.74971775,-74.00295035,19072,Subscriber,1963,1
118,793,20/07/2013 01:10,20/07/2013 01:23,444,Broadway & W 24 St,40.7423543,-73.98915076,388,W 26 St & 10 Ave,40.74971775,-74.00295035,17593,Subscriber,1979,1
119,380,20/07/2013 01:22,20/07/2013 01:28,388,W 26 St & 10 Ave,40.74971775,-74.00295035,423,W 54 St & 9 Ave,40.76584941,-73.98690506,19072,Subscriber,1979,1
120,459,20/07/2013 03:52,20/07/2013 03:59,388,W 26 St & 10 Ave,40.74971775,-74.00295035,505,6 Ave & W 33 St,40.74901271,-73.98848395,15950,Subscriber,1988,1
121,680,20/07/2013 06:45,20/07/2013 06:56,388,W 26 St & 10 Ave,40.74971775,-74.00295035,529,W 42 St & 8 Ave,40.7575699,-73.99098507,20255,Customer,\N,0
122,899,20/07/2013 06:54,20/07/2013 07:09,504,1 Ave & E 15 St,40.73221853,-73.98165557,388,W 26 St & 10 Ave,40.74971775,-74.00295035,16351,Subscriber,1976,1
123,388,20/07/2013 07:07,20/07/2013 07:14,505,6 Ave & W 33 St,40.74901271,-73.98848395,388,W 26 St & 10 Ave,40.74971775,-74.00295035,15322,Subscriber,1974,1
124,228,20/07/2013 07:48,20/07/2013 07:52,521,8 Ave & W 31 St,40.75044999,-73.99481051,388,W 26 St & 10 Ave,40.74971775,-74.00295035,16934,Subscriber,1972,1
125,1046,20/07/2013 07:55,20/07/2013 08:13,128,MacDougal St & Prince St,40.72710258,-74.00297088,388,W 26 St & 10 Ave,40.74971775,-74.00295035,16260,Subscriber,1985,1
126,428,20/07/2013 08:11,20/07/2013 08:18,514,12 Ave & W 40 St,40.76087502,-74.00277668,388,W 26 St & 10 Ave,40.74971775,-74.00295035,18479,Subscriber,1976,2
127,200,20/07/2013 08:30,20/07/2013 08:33,212,W 16 St & The High Line,40.74334935,-74.00681753,388,W 26 St & 10 Ave,40.74971775,-74.00295035,16024,Subscriber,1972,1
128,592,20/07/2013 08:32,20/07/2013 08:42,466,W 25 St & 6 Ave,40.74395411,-73.99144871,388,W 26 St & 10 Ave,40.74971775,-74.00295035,16940,Customer,\N,0
129,924,20/07/2013 08:35,20/07/2013 08:50,380,W 4 St & 7 Ave S,40.73401143,-74.00293877,388,W 26 St & 10 Ave,40.74971775,-74.00295035,15360,Subscriber,1957,1
130,713,20/07/2013 09:01,20/07/2013 09:13,388,W 26 St & 10 Ave,40.74971775,-74.00295035,368,Carmine St & 6 Ave,40.73038599,-74.00214988,16260,Subscriber,1985,1
131,810,20/07/2013 09:16,20/07/2013 09:29,540,Lexington Ave & E 26 St,40.74147286,-73.98320928,388,W 26 St & 10 Ave,40.74971775,-74.00295035,14991,Subscriber,1986,2
132,1136,20/07/2013 09:31,20/07/2013 09:49,469,Broadway & W 53 St,40.76344058,-73.98268129,388,W 26 St & 10 Ave,40.74971775,-74.00295035,17551,Subscriber,1985,1
133,562,20/07/2013 09:42,20/07/2013 09:51,388,W 26 St & 10 Ave,40.74971775,-74.00295035,505,6 Ave & W 33 St,40.74901271,-73.98848395,15360,Subscriber,1957,1
134,1501,20/07/2013 09:45,20/07/2013 10:10,432,E 7 St & Avenue A,40.72621788,-73.98379855,388,W 26 St & 10 Ave,40.74971775,-74.00295035,15613,Subscriber,1961,2
135,515,20/07/2013 09:45,20/07/2013 09:54,515,W 43 St & 10 Ave,40.76009437,-73.99461843,388,W 26 St & 10 Ave,40.74971775,-74.00295035,15292,Subscriber,1958,1
136,935,20/07/2013 09:55,20/07/2013 10:11,499,Broadway & W 60 St,40.76915505,-73.98191841,388,W 26 St & 10 Ave,40.74971775,-74.00295035,17444,Subscriber,1966,2
137,809,20/07/2013 10:03,20/07/2013 10:17,388,W 26 St & 10 Ave,40.74971775,-74.00295035,528,2 Ave & E 31 St,40.74290902,-73.97706058,16351,Subscriber,1984,2
138,1436,20/07/2013 10:07,20/07/2013 10:31,388,W 26 St & 10 Ave,40.74971775,-74.00295035,248,Laight St & Hudson St,40.72185379,-74.00771779,17732,Subscriber,1984,2
139,506,20/07/2013 10:10,20/07/2013 10:18,388,W 26 St & 10 Ave,40.74971775,-74.00295035,466,W 25 St & 6 Ave,40.74395411,-73.99144871,14991,Customer,\N,0
140,1332,20/07/2013 10:22,20/07/2013 10:44,483,E 12 St & 3 Ave,40.73223272,-73.98889957,388,W 26 St & 10 Ave,40.74971775,-74.00295035,15069,Subscriber,1992,1
141,1662,20/07/2013 10:29,20/07/2013 10:57,388,W 26 St & 10 Ave,40.74971775,-74.00295035,128,MacDougal St & Prince St,40.72710258,-74.00297088,16024,Subscriber,1980,2
142,835,20/07/2013 10:40,20/07/2013 10:53,537,Lexington Ave & E 24 St,40.74025878,-73.98409214,388,W 26 St & 10 Ave,40.74971775,-74.00295035,19371,Subscriber,1962,2
143,1370,20/07/2013 10:42,20/07/2013 11:05,328,Watts St & Greenwich St,40.72405549,-74.00965965,388,W 26 St & 10 Ave,40.74971775,-74.00295035,15148,Customer,\N,0
144,1664,20/07/2013 10:45,20/07/2013 11:13,254,W 11 St & 6 Ave,40.73532427,-73.99800419,388,W 26 St & 10 Ave,40.74971775,-74.00295035,17532,Customer,\N,0
145,1926,20/07/2013 10:51,20/07/2013 11:23,368,Carmine St & 6 Ave,40.73038599,-74.00214988,388,W 26 St & 10 Ave,40.74971775,-74.00295035,20002,Customer,\N,0
146,301,20/07/2013 10:57,20/07/2013 11:02,388,W 26 St & 10 Ave,40.74971775,-74.00295035,173,Broadway & W 49 St,40.76064679,-73.98442659,17177,Subscriber,1965,1
147,276,20/07/2013 10:58,20/07/2013 11:02,446,W 24 St & 7 Ave,40.74487634,-73.99529885,388,W 26 St & 10 Ave,40.74971775,-74.00295035,20343,Subscriber,1972,1
148,1726,20/07/2013 11:04,20/07/2013 11:33,388,W 26 St & 10 Ave,40.74971775,-74.00295035,358,Christopher St & Greenwich St,40.73291553,-74.00711384,20343,Subscriber,1981,2
149,207,20/07/2013 11:11,20/07/2013 11:14,388,W 26 St & 10 Ave,40.74971775,-74.00295035,442,W 27 St & 7 Ave,40.746647,-73.993915,16934,Subscriber,1978,1
150,1437,20/07/2013 11:12,20/07/2013 11:36,388,W 26 St & 10 Ave,40.74971775,-74.00295035,303,Mercer St & Spring St,40.72362738,-73.99949601,19131,Subscriber,1981,2
151,1474,20/07/2013 11:24,20/07/2013 11:49,328,Watts St & Greenwich St,40.72405549,-74.00965965,388,W 26 St & 10 Ave,40.74971775,-74.00295035,14565,Subscriber,1984,1
152,1393,20/07/2013 11:25,20/07/2013 11:49,328,Watts St & Greenwich St,40.72405549,-74.00965965,388,W 26 St & 10 Ave,40.74971775,-74.00295035,20163,Subscriber,1986,2
153,1083,20/07/2013 11:36,20/07/2013 11:54,72,W 52 St & 11 Ave,40.76727216,-73.99392888,388,W 26 St & 10 Ave,40.74971775,-74.00295035,19145,Subscriber,1976,2
154,1198,20/07/2013 11:47,20/07/2013 12:07,540,Lexington Ave & E 26 St,40.74147286,-73.98320928,388,W 26 St & 10 Ave,40.74971775,-74.00295035,18935,Customer,\N,0
155,1501,20/07/2013 11:51,20/07/2013 12:16,388,W 26 St & 10 Ave,40.74971775,-74.00295035,489,10 Ave & W 28 St,40.75066386,-74.00176802,14565,Subscriber,1975,1
156,590,20/07/2013 11:59,20/07/2013 12:08,514,12 Ave & W 40 St,40.76087502,-74.00277668,388,W 26 St & 10 Ave,40.74971775,-74.00295035,16319,Subscriber,1986,2
157,987,20/07/2013 12:02,20/07/2013 12:19,252,MacDougal St & Washington Sq,40.73226398,-73.99852205,388,W 26 St & 10 Ave,40.74971775,-74.00295035,14991,Subscriber,1956,1
158,1006,20/07/2013 12:15,20/07/2013 12:32,388,W 26 St & 10 Ave,40.74971775,-74.00295035,348,W Broadway & Spring St,40.72490985,-74.00154702,18479,Subscriber,1979,1
159,720,20/07/2013 12:20,20/07/2013 12:32,388,W 26 St & 10 Ave,40.74971775,-74.00295035,533,Broadway & W 39 St,40.75299641,-73.98721619,15148,Subscriber,1982,1
160,531,20/07/2013 12:21,20/07/2013 12:30,225,W 14 St & The High Line,40.74195138,-74.00803013,388,W 26 St & 10 Ave,40.74971775,-74.00295035,15693,Subscriber,1972,1
161,723,20/07/2013 12:31,20/07/2013 12:43,475,E 16 St & Irving Pl,40.73524276,-73.98758561,388,W 26 St & 10 Ave,40.74971775,-74.00295035,15256,Customer,\N,0
162,771,20/07/2013 12:32,20/07/2013 12:44,472,E 32 St & Park Ave,40.7457121,-73.98194829,388,W 26 St & 10 Ave,40.74971775,-74.00295035,19250,Subscriber,1985,1
163,767,20/07/2013 12:32,20/07/2013 12:44,472,E 32 St & Park Ave,40.7457121,-73.98194829,388,W 26 St & 10 Ave,40.74971775,-74.00295035,17051,Subscriber,1986,2
164,359,20/07/2013 12:33,20/07/2013 12:39,388,W 26 St & 10 Ave,40.74971775,-74.00295035,490,8 Ave & W 33 St,40.751551,-73.993934,18935,Subscriber,1966,1
165,352,20/07/2013 12:33,20/07/2013 12:39,388,W 26 St & 10 Ave,40.74971775,-74.00295035,490,8 Ave & W 33 St,40.751551,-73.993934,15292,Subscriber,1966,1
166,231,20/07/2013 12:46,20/07/2013 12:50,388,W 26 St & 10 Ave,40.74971775,-74.00295035,459,W 20 St & 11 Ave,40.746745,-74.007756,17532,Subscriber,1964,1
167,415,20/07/2013 12:48,20/07/2013 12:55,404,9 Ave & W 14 St,40.7405826,-74.00550867,388,W 26 St & 10 Ave,40.74971775,-74.00295035,18788,Customer,\N,0
168,1190,20/07/2013 12:54,20/07/2013 13:14,2008,Little West St & 1 Pl,40.70569254,-74.01677685,388,W 26 St & 10 Ave,40.74971775,-74.00295035,15273,Customer,\N,0
169,198,20/07/2013 13:05,20/07/2013 13:08,462,W 22 St & 10 Ave,40.74691959,-74.00451887,388,W 26 St & 10 Ave,40.74971775,-74.00295035,19198,Subscriber,1987,1
170,785,20/07/2013 13:05,20/07/2013 13:19,388,W 26 St & 10 Ave,40.74971775,-74.00295035,485,W 37 St & 5 Ave,40.75038009,-73.98338988,17131,Subscriber,1967,1
171,1135,20/07/2013 13:15,20/07/2013 13:34,388,W 26 St & 10 Ave,40.74971775,-74.00295035,368,Carmine St & 6 Ave,40.73038599,-74.00214988,20002,Subscriber,1976,2
172,812,20/07/2013 13:16,20/07/2013 13:30,388,W 26 St & 10 Ave,40.74971775,-74.00295035,447,8 Ave & W 52 St,40.76370739,-73.9851615,15273,Customer,\N,0
173,412,20/07/2013 13:21,20/07/2013 13:27,388,W 26 St & 10 Ave,40.74971775,-74.00295035,515,W 43 St & 10 Ave,40.76009437,-73.99461843,19250,Subscriber,1956,1
174,1015,20/07/2013 13:23,20/07/2013 13:40,388,W 26 St & 10 Ave,40.74971775,-74.00295035,346,Bank St & Hudson St,40.73652889,-74.00618026,18448,Subscriber,1949,2
175,2008,20/07/2013 13:24,20/07/2013 13:58,328,Watts St & Greenwich St,40.72405549,-74.00965965,388,W 26 St & 10 Ave,40.74971775,-74.00295035,17295,Customer,\N,0
176,1104,20/07/2013 13:36,20/07/2013 13:55,388,W 26 St & 10 Ave,40.74971775,-74.00295035,328,Watts St & Greenwich St,40.72405549,-74.00965965,17264,Subscriber,1986,2
177,1090,20/07/2013 13:36,20/07/2013 13:55,388,W 26 St & 10 Ave,40.74971775,-74.00295035,328,Watts St & Greenwich St,40.72405549,-74.00965965,15322,Subscriber,1984,1
178,2192,20/07/2013 13:38,20/07/2013 14:14,358,Christopher St & Greenwich St,40.73291553,-74.00711384,388,W 26 St & 10 Ave,40.74971775,-74.00295035,20303,Subscriber,1970,1
179,239,20/07/2013 13:38,20/07/2013 13:42,459,W 20 St & 11 Ave,40.746745,-74.007756,388,W 26 St & 10 Ave,40.74971775,-74.00295035,17811,Subscriber,1964,1
180,676,20/07/2013 13:49,20/07/2013 14:00,388,W 26 St & 10 Ave,40.74971775,-74.00295035,2004,6 Ave & Broome St,40.724399,-74.004704,14991,Subscriber,1976,2
181,643,20/07/2013 13:51,20/07/2013 14:01,453,W 22 St & 8 Ave,40.74475148,-73.99915362,388,W 26 St & 10 Ave,40.74971775,-74.00295035,15502,Subscriber,1989,1
182,515,20/07/2013 13:53,20/07/2013 14:01,453,W 22 St & 8 Ave,40.74475148,-73.99915362,388,W 26 St & 10 Ave,40.74971775,-74.00295035,15634,Subscriber,1990,2
183,1875,20/07/2013 13:59,20/07/2013 14:30,251,Mott St & Prince St,40.72317958,-73.99480012,388,W 26 St & 10 Ave,40.74971775,-74.00295035,18175,Customer,\N,0
184,1889,20/07/2013 14:01,20/07/2013 14:33,388,W 26 St & 10 Ave,40.74971775,-74.00295035,489,10 Ave & W 28 St,40.75066386,-74.00176802,19145,Customer,\N,0
185,442,20/07/2013 14:06,20/07/2013 14:13,388,W 26 St & 10 Ave,40.74971775,-74.00295035,495,W 47 St & 10 Ave,40.76269882,-73.99301222,19198,Subscriber,1983,1
186,1223,20/07/2013 14:07,20/07/2013 14:27,388,W 26 St & 10 Ave,40.74971775,-74.00295035,468,Broadway & W 55 St,40.7652654,-73.98192338,15613,Subscriber,1985,1
187,1109,20/07/2013 14:08,20/07/2013 14:26,383,Greenwich Ave & Charles St,40.735238,-74.000271,388,W 26 St & 10 Ave,40.74971775,-74.00295035,18647,Subscriber,1966,1
188,335,20/07/2013 14:09,20/07/2013 14:14,388,W 26 St & 10 Ave,40.74971775,-74.00295035,459,W 20 St & 11 Ave,40.746745,-74.007756,17811,Subscriber,1964,1
189,3400,20/07/2013 14:11,20/07/2013 15:07,388,W 26 St & 10 Ave,40.74971775,-74.00295035,482,W 15 St & 7 Ave,40.73935542,-73.99931783,17295,Customer,\N,0
190,829,20/07/2013 14:13,20/07/2013 14:27,388,W 26 St & 10 Ave,40.74971775,-74.00295035,223,W 13 St & 7 Ave,40.73781509,-73.99994661,18788,Subscriber,1964,1
191,3680,20/07/2013 14:18,20/07/2013 15:20,388,W 26 St & 10 Ave,40.74971775,-74.00295035,79,Franklin St & W Broadway,40.71911552,-74.00666661,20303,Customer,\N,0
192,1548,20/07/2013 14:25,20/07/2013 14:50,514,12 Ave & W 40 St,40.76087502,-74.00277668,388,W 26 St & 10 Ave,40.74971775,-74.00295035,18651,Customer,\N,0
193,297,20/07/2013 14:25,20/07/2013 14:30,388,W 26 St & 10 Ave,40.74971775,-74.00295035,490,8 Ave & W 33 St,40.751551,-73.993934,17551,Subscriber,1974,1
194,334,20/07/2013 14:30,20/07/2013 14:35,470,W 20 St & 8 Ave,40.74345335,-74.00004031,388,W 26 St & 10 Ave,40.74971775,-74.00295035,16934,Subscriber,1982,2
195,1369,20/07/2013 14:31,20/07/2013 14:54,388,W 26 St & 10 Ave,40.74971775,-74.00295035,509,9 Ave & W 22 St,40.7454973,-74.00197139,20343,Customer,\N,0
196,413,20/07/2013 14:33,20/07/2013 14:40,388,W 26 St & 10 Ave,40.74971775,-74.00295035,466,W 25 St & 6 Ave,40.74395411,-73.99144871,17444,Subscriber,1972,1
197,1424,20/07/2013 14:46,20/07/2013 15:09,388,W 26 St & 10 Ave,40.74971775,-74.00295035,328,Watts St & Greenwich St,40.72405549,-74.00965965,18175,Customer,\N,0
198,763,20/07/2013 15:02,20/07/2013 15:15,423,W 54 St & 9 Ave,40.76584941,-73.98690506,388,W 26 St & 10 Ave,40.74971775,-74.00295035,16403,Subscriber,1982,1
199,493,20/07/2013 15:04,20/07/2013 15:12,478,11 Ave & W 41 St,40.76030096,-73.99884222,388,W 26 St & 10 Ave,40.74971775,-74.00295035,17104,Subscriber,1976,1
200,531,20/07/2013 15:10,20/07/2013 15:19,522,E 51 St & Lexington Ave,40.75714758,-73.97207836,388,W 26 St & 10 Ave,40.74971775,-74.00295035,16230,Customer,\N,0
201,783,20/07/2013 15:14,20/07/2013 15:27,388,W 26 St & 10 Ave,40.74971775,-74.00295035,521,8 Ave & W 31 St,40.75044999,-73.99481051,18651,Subscriber,1986,2
202,1082,20/07/2013 15:15,20/07/2013 15:33,161,LaGuardia Pl & W 3 St,40.72917025,-73.99810231,388,W 26 St & 10 Ave,40.74971775,-74.00295035,15269,Customer,\N,0
203,574,20/07/2013 15:15,20/07/2013 15:25,284,Greenwich Ave & 8 Ave,40.73901691,-74.00263761,388,W 26 St & 10 Ave,40.74971775,-74.00295035,15836,Subscriber,1989,2
204,1045,20/07/2013 15:18,20/07/2013 15:35,388,W 26 St & 10 Ave,40.74971775,-74.00295035,402,Broadway & E 22 St,40.7403432,-73.98955109,18647,Customer,\N,0
205,1948,20/07/2013 15:18,20/07/2013 15:50,312,Allen St & E Houston St,40.722055,-73.989111,388,W 26 St & 10 Ave,40.74971775,-74.00295035,17103,Subscriber,1980,1
206,895,20/07/2013 15:18,20/07/2013 15:33,388,W 26 St & 10 Ave,40.74971775,-74.00295035,504,1 Ave & E 15 St,40.73221853,-73.98165557,19121,Subscriber,1976,1
207,932,20/07/2013 15:24,20/07/2013 15:39,388,W 26 St & 10 Ave,40.74971775,-74.00295035,476,E 31 St & 3 Ave,40.74394314,-73.97966069,17104,Subscriber,1987,1
208,336,20/07/2013 15:32,20/07/2013 15:37,388,W 26 St & 10 Ave,40.74971775,-74.00295035,458,11 Ave & W 27 St,40.751396,-74.005226,16934,Subscriber,1982,2
209,785,20/07/2013 15:40,20/07/2013 15:53,383,Greenwich Ave & Charles St,40.735238,-74.000271,388,W 26 St & 10 Ave,40.74971775,-74.00295035,17355,Customer,\N,0
210,790,20/07/2013 15:40,20/07/2013 15:53,441,E 52 St & 2 Ave,40.756014,-73.967416,388,W 26 St & 10 Ave,40.74971775,-74.00295035,17094,Customer,\N,0
211,668,20/07/2013 15:52,20/07/2013 16:03,388,W 26 St & 10 Ave,40.74971775,-74.00295035,496,E 16 St & 5 Ave,40.73726186,-73.99238967,17103,Customer,\N,0
212,395,20/07/2013 15:52,20/07/2013 15:59,463,9 Ave & W 16 St,40.74206539,-74.00443172,388,W 26 St & 10 Ave,40.74971775,-74.00295035,18722,Subscriber,1956,1
213,1982,20/07/2013 15:54,20/07/2013 16:27,388,W 26 St & 10 Ave,40.74971775,-74.00295035,329,Greenwich St & N Moore St,40.72043411,-74.01020609,15836,Subscriber,1985,1
214,487,20/07/2013 15:56,20/07/2013 16:04,457,Broadway & W 58 St,40.76695317,-73.98169333,388,W 26 St & 10 Ave,40.74971775,-74.00295035,18748,Subscriber,1985,2
215,4129,20/07/2013 15:56,20/07/2013 17:04,388,W 26 St & 10 Ave,40.74971775,-74.00295035,329,Greenwich St & N Moore St,40.72043411,-74.01020609,19440,Customer,\N,0
216,1369,20/07/2013 15:59,20/07/2013 16:21,388,W 26 St & 10 Ave,40.74971775,-74.00295035,317,E 6 St & Avenue B,40.72453734,-73.98185424,15269,Subscriber,1961,2
217,3817,20/07/2013 16:01,20/07/2013 17:04,388,W 26 St & 10 Ave,40.74971775,-74.00295035,329,Greenwich St & N Moore St,40.72043411,-74.01020609,16403,Customer,\N,0
218,405,20/07/2013 16:01,20/07/2013 16:08,490,8 Ave & W 33 St,40.751551,-73.993934,388,W 26 St & 10 Ave,40.74971775,-74.00295035,17148,Subscriber,1966,1
219,399,20/07/2013 16:02,20/07/2013 16:08,490,8 Ave & W 33 St,40.751551,-73.993934,388,W 26 St & 10 Ave,40.74971775,-74.00295035,15422,Subscriber,1966,1
220,1661,20/07/2013 16:02,20/07/2013 16:30,309,Murray St & West St,40.7149787,-74.013012,388,W 26 St & 10 Ave,40.74971775,-74.00295035,19946,Customer,\N,0
221,1570,20/07/2013 16:04,20/07/2013 16:30,309,Murray St & West St,40.7149787,-74.013012,388,W 26 St & 10 Ave,40.74971775,-74.00295035,18944,Customer,\N,0
222,355,20/07/2013 16:05,20/07/2013 16:11,388,W 26 St & 10 Ave,40.74971775,-74.00295035,529,W 42 St & 8 Ave,40.7575699,-73.99098507,15812,Subscriber,1977,1
223,904,20/07/2013 16:09,20/07/2013 16:24,508,W 46 St & 11 Ave,40.76341379,-73.99667444,388,W 26 St & 10 Ave,40.74971775,-74.00295035,15563,Subscriber,1993,2
224,1353,20/07/2013 16:09,20/07/2013 16:32,388,W 26 St & 10 Ave,40.74971775,-74.00295035,281,Grand Army Plaza & Central Park S,40.7643971,-73.97371465,15422,Customer,\N,0
225,1207,20/07/2013 16:12,20/07/2013 16:32,388,W 26 St & 10 Ave,40.74971775,-74.00295035,281,Grand Army Plaza & Central Park S,40.7643971,-73.97371465,17148,Customer,\N,0
226,1117,20/07/2013 16:13,20/07/2013 16:31,388,W 26 St & 10 Ave,40.74971775,-74.00295035,173,Broadway & W 49 St,40.76064679,-73.98442659,15256,Customer,\N,0
227,741,20/07/2013 16:27,20/07/2013 16:39,478,11 Ave & W 41 St,40.76030096,-73.99884222,388,W 26 St & 10 Ave,40.74971775,-74.00295035,19446,Customer,\N,0
228,677,20/07/2013 16:28,20/07/2013 16:39,478,11 Ave & W 41 St,40.76030096,-73.99884222,388,W 26 St & 10 Ave,40.74971775,-74.00295035,17241,Customer,\N,0
229,660,20/07/2013 16:36,20/07/2013 16:47,388,W 26 St & 10 Ave,40.74971775,-74.00295035,537,Lexington Ave & E 24 St,40.74025878,-73.98409214,15069,Customer,\N,0
230,648,20/07/2013 16:37,20/07/2013 16:47,388,W 26 St & 10 Ave,40.74971775,-74.00295035,2006,Central Park S & 6 Ave,40.76590936,-73.97634151,19946,Customer,\N,0
231,2994,20/07/2013 16:38,20/07/2013 17:27,363,West Thames St,40.70834698,-74.01713445,388,W 26 St & 10 Ave,40.74971775,-74.00295035,16346,Customer,\N,0
232,2988,20/07/2013 16:38,20/07/2013 17:28,368,Carmine St & 6 Ave,40.73038599,-74.00214988,388,W 26 St & 10 Ave,40.74971775,-74.00295035,19179,Customer,\N,0
233,1862,20/07/2013 16:44,20/07/2013 17:15,464,E 56 St & 3 Ave,40.75934501,-73.96759673,388,W 26 St & 10 Ave,40.74971775,-74.00295035,18470,Subscriber,1984,2
234,1848,20/07/2013 16:44,20/07/2013 17:15,464,E 56 St & 3 Ave,40.75934501,-73.96759673,388,W 26 St & 10 Ave,40.74971775,-74.00295035,19016,Subscriber,1983,1
235,442,20/07/2013 16:52,20/07/2013 17:00,490,8 Ave & W 33 St,40.751551,-73.993934,388,W 26 St & 10 Ave,40.74971775,-74.00295035,19445,Subscriber,1967,1
236,1943,20/07/2013 16:53,20/07/2013 17:25,388,W 26 St & 10 Ave,40.74971775,-74.00295035,403,E 2 St & 2 Ave,40.72502876,-73.99069656,17241,Subscriber,1976,1
237,813,20/07/2013 16:57,20/07/2013 17:11,388,W 26 St & 10 Ave,40.74971775,-74.00295035,284,Greenwich Ave & 8 Ave,40.73901691,-74.00263761,19446,Subscriber,1985,2
238,765,20/07/2013 16:58,20/07/2013 17:11,388,W 26 St & 10 Ave,40.74971775,-74.00295035,284,Greenwich Ave & 8 Ave,40.73901691,-74.00263761,19371,Customer,\N,0
239,749,20/07/2013 16:58,20/07/2013 17:10,388,W 26 St & 10 Ave,40.74971775,-74.00295035,284,Greenwich Ave & 8 Ave,40.73901691,-74.00263761,15693,Subscriber,1981,1
240,731,20/07/2013 17:06,20/07/2013 17:18,388,W 26 St & 10 Ave,40.74971775,-74.00295035,368,Carmine St & 6 Ave,40.73038599,-74.00214988,19445,Customer,\N,0
241,617,20/07/2013 17:07,20/07/2013 17:18,388,W 26 St & 10 Ave,40.74971775,-74.00295035,368,Carmine St & 6 Ave,40.73038599,-74.00214988,17355,Customer,\N,0
242,6828,20/07/2013 17:08,20/07/2013 19:02,388,W 26 St & 10 Ave,40.74971775,-74.00295035,501,FDR Drive & E 35 St,40.744219,-73.97121214,17094,Customer,\N,0
243,6905,20/07/2013 17:08,20/07/2013 19:04,388,W 26 St & 10 Ave,40.74971775,-74.00295035,501,FDR Drive & E 35 St,40.744219,-73.97121214,18614,Customer,\N,0
244,469,20/07/2013 17:12,20/07/2013 17:20,388,W 26 St & 10 Ave,40.74971775,-74.00295035,334,W 20 St & 7 Ave,40.74238787,-73.99726235,18944,Subscriber,1989,1
245,320,20/07/2013 17:13,20/07/2013 17:18,388,W 26 St & 10 Ave,40.74971775,-74.00295035,453,W 22 St & 8 Ave,40.74475148,-73.99915362,18722,Subscriber,1990,2
246,1362,20/07/2013 17:13,20/07/2013 17:36,388,W 26 St & 10 Ave,40.74971775,-74.00295035,293,Lafayette St & E 8 St,40.73028666,-73.9907647,15563,Subscriber,1980,1
247,813,20/07/2013 17:17,20/07/2013 17:31,388,W 26 St & 10 Ave,40.74971775,-74.00295035,497,E 17 St & Broadway,40.73704984,-73.99009296,19016,Subscriber,1983,1
248,808,20/07/2013 17:18,20/07/2013 17:31,388,W 26 St & 10 Ave,40.74971775,-74.00295035,497,E 17 St & Broadway,40.73704984,-73.99009296,18470,Subscriber,1984,2
249,1708,20/07/2013 17:29,20/07/2013 17:57,388,W 26 St & 10 Ave,40.74971775,-74.00295035,405,Washington St & Gansevoort St,40.739323,-74.008119,19179,Subscriber,1952,1
250,441,20/07/2013 17:39,20/07/2013 17:46,388,W 26 St & 10 Ave,40.74971775,-74.00295035,404,9 Ave & W 14 St,40.7405826,-74.00550867,16346,Subscriber,1973,1
251,1074,20/07/2013 17:48,20/07/2013 18:06,537,Lexington Ave & E 24 St,40.74025878,-73.98409214,388,W 26 St & 10 Ave,40.74971775,-74.00295035,16417,Subscriber,1989,1
252,583,20/07/2013 17:48,20/07/2013 17:58,284,Greenwich Ave & 8 Ave,40.73901691,-74.00263761,388,W 26 St & 10 Ave,40.74971775,-74.00295035,20338,Subscriber,1987,2
253,739,20/07/2013 17:56,20/07/2013 18:09,515,W 43 St & 10 Ave,40.76009437,-73.99461843,388,W 26 St & 10 Ave,40.74971775,-74.00295035,20553,Subscriber,1977,1
254,1320,20/07/2013 18:20,20/07/2013 18:42,485,W 37 St & 5 Ave,40.75038009,-73.98338988,388,W 26 St & 10 Ave,40.74971775,-74.00295035,18009,Customer,\N,0
255,605,20/07/2013 18:34,20/07/2013 18:44,388,W 26 St & 10 Ave,40.74971775,-74.00295035,228,E 48 St & 3 Ave,40.7546011,-73.97187886,15866,Customer,\N,0
256,418,20/07/2013 18:35,20/07/2013 18:42,388,W 26 St & 10 Ave,40.74971775,-74.00295035,500,Broadway & W 51 St,40.76228826,-73.98336183,17390,Subscriber,1965,1
257,298,20/07/2013 18:38,20/07/2013 18:43,453,W 22 St & 8 Ave,40.74475148,-73.99915362,388,W 26 St & 10 Ave,40.74971775,-74.00295035,14648,Subscriber,1975,1
258,263,20/07/2013 18:40,20/07/2013 18:44,459,W 20 St & 11 Ave,40.746745,-74.007756,388,W 26 St & 10 Ave,40.74971775,-74.00295035,16165,Subscriber,1964,1
259,887,20/07/2013 18:47,20/07/2013 19:02,388,W 26 St & 10 Ave,40.74971775,-74.00295035,2008,Little West St & 1 Pl,40.70569254,-74.01677685,20553,Customer,\N,0
260,875,20/07/2013 18:47,20/07/2013 19:02,388,W 26 St & 10 Ave,40.74971775,-74.00295035,538,W 49 St & 5 Ave,40.75795248,-73.97787642,16165,Customer,\N,0
261,881,20/07/2013 18:49,20/07/2013 19:04,388,W 26 St & 10 Ave,40.74971775,-74.00295035,477,W 41 St & 8 Ave,40.75640548,-73.9900262,20338,Subscriber,1986,2
262,929,20/07/2013 18:54,20/07/2013 19:10,388,W 26 St & 10 Ave,40.74971775,-74.00295035,127,Barrow St & Hudson St,40.73172428,-74.00674436,14648,Customer,\N,0
263,911,20/07/2013 18:56,20/07/2013 19:11,388,W 26 St & 10 Ave,40.74971775,-74.00295035,527,E 33 St & 1 Ave,40.74315566,-73.97434726,18009,Customer,\N,0
264,767,20/07/2013 18:58,20/07/2013 19:10,478,11 Ave & W 41 St,40.76030096,-73.99884222,388,W 26 St & 10 Ave,40.74971775,-74.00295035,16383,Customer,\N,0
265,708,20/07/2013 18:58,20/07/2013 19:10,478,11 Ave & W 41 St,40.76030096,-73.99884222,388,W 26 St & 10 Ave,40.74971775,-74.00295035,19023,Customer,\N,0
266,683,20/07/2013 19:00,20/07/2013 19:12,388,W 26 St & 10 Ave,40.74971775,-74.00295035,527,E 33 St & 1 Ave,40.74315566,-73.97434726,18258,Customer,\N,0
267,521,20/07/2013 19:11,20/07/2013 19:20,388,W 26 St & 10 Ave,40.74971775,-74.00295035,388,W 26 St & 10 Ave,40.74971775,-74.00295035,14583,Subscriber,1978,2
268,1504,20/07/2013 19:20,20/07/2013 19:45,388,W 26 St & 10 Ave,40.74971775,-74.00295035,473,Rivington St & Chrystie St,40.72110063,-73.9919254,16417,Subscriber,1989,1
269,895,20/07/2013 19:36,20/07/2013 19:51,388,W 26 St & 10 Ave,40.74971775,-74.00295035,2021,W 45 St & 8 Ave,40.75929124,-73.98859651,16383,Customer,\N,0
270,879,20/07/2013 19:36,20/07/2013 19:50,388,W 26 St & 10 Ave,40.74971775,-74.00295035,2021,W 45 St & 8 Ave,40.75929124,-73.98859651,19023,Customer,\N,0
271,853,20/07/2013 19:53,20/07/2013 20:07,477,W 41 St & 8 Ave,40.75640548,-73.9900262,388,W 26 St & 10 Ave,40.74971775,-74.00295035,20338,Customer,\N,0
272,1787,20/07/2013 19:57,20/07/2013 20:27,388,W 26 St & 10 Ave,40.74971775,-74.00295035,499,Broadway & W 60 St,40.76915505,-73.98191841,19329,Subscriber,1966,2
273,273,20/07/2013 20:04,20/07/2013 20:08,521,8 Ave & W 31 St,40.75044999,-73.99481051,388,W 26 St & 10 Ave,40.74971775,-74.00295035,18812,Subscriber,1976,1
274,1125,20/07/2013 20:06,20/07/2013 20:24,388,W 26 St & 10 Ave,40.74971775,-74.00295035,223,W 13 St & 7 Ave,40.73781509,-73.99994661,14583,Subscriber,1964,1
275,1282,20/07/2013 20:06,20/07/2013 20:28,327,Vesey Pl & River Terrace,40.7153379,-74.01658354,388,W 26 St & 10 Ave,40.74971775,-74.00295035,15351,Subscriber,1968,1
276,534,20/07/2013 20:10,20/07/2013 20:19,388,W 26 St & 10 Ave,40.74971775,-74.00295035,442,W 27 St & 7 Ave,40.746647,-73.993915,18812,Subscriber,1988,1
277,363,20/07/2013 20:10,20/07/2013 20:16,489,10 Ave & W 28 St,40.75066386,-74.00176802,388,W 26 St & 10 Ave,40.74971775,-74.00295035,16535,Customer,\N,0
278,278,20/07/2013 20:15,20/07/2013 20:20,388,W 26 St & 10 Ave,40.74971775,-74.00295035,456,E 53 St & Madison Ave,40.7597108,-73.97402311,20338,Customer,\N,0
279,647,20/07/2013 20:33,20/07/2013 20:44,388,W 26 St & 10 Ave,40.74971775,-74.00295035,497,E 17 St & Broadway,40.73704984,-73.99009296,16535,Subscriber,1943,1
280,851,20/07/2013 20:35,20/07/2013 20:49,388,W 26 St & 10 Ave,40.74971775,-74.00295035,457,Broadway & W 58 St,40.76695317,-73.98169333,15351,Customer,\N,0
281,940,20/07/2013 20:36,20/07/2013 20:52,492,W 33 St & 7 Ave,40.75019995,-73.99093085,388,W 26 St & 10 Ave,40.74971775,-74.00295035,19862,Customer,\N,0
282,931,20/07/2013 20:36,20/07/2013 20:52,492,W 33 St & 7 Ave,40.75019995,-73.99093085,388,W 26 St & 10 Ave,40.74971775,-74.00295035,18983,Customer,\N,0
283,888,20/07/2013 20:37,20/07/2013 20:52,492,W 33 St & 7 Ave,40.75019995,-73.99093085,388,W 26 St & 10 Ave,40.74971775,-74.00295035,18735,Customer,\N,0
284,879,20/07/2013 20:37,20/07/2013 20:52,492,W 33 St & 7 Ave,40.75019995,-73.99093085,388,W 26 St & 10 Ave,40.74971775,-74.00295035,17299,Customer,\N,0
285,977,20/07/2013 20:44,20/07/2013 21:01,533,Broadway & W 39 St,40.75299641,-73.98721619,388,W 26 St & 10 Ave,40.74971775,-74.00295035,18997,Customer,\N,0
286,1453,20/07/2013 20:47,20/07/2013 21:11,281,Grand Army Plaza & Central Park S,40.7643971,-73.97371465,388,W 26 St & 10 Ave,40.74971775,-74.00295035,16803,Customer,\N,0
287,298,20/07/2013 20:52,20/07/2013 20:57,388,W 26 St & 10 Ave,40.74971775,-74.00295035,453,W 22 St & 8 Ave,40.74475148,-73.99915362,18983,Subscriber,1975,1
288,514,20/07/2013 20:54,20/07/2013 21:03,509,9 Ave & W 22 St,40.7454973,-74.00197139,388,W 26 St & 10 Ave,40.74971775,-74.00295035,17719,Subscriber,1951,2
289,212,20/07/2013 20:54,20/07/2013 20:58,388,W 26 St & 10 Ave,40.74971775,-74.00295035,509,9 Ave & W 22 St,40.7454973,-74.00197139,17299,Subscriber,1972,1
290,1521,20/07/2013 21:19,20/07/2013 21:44,388,W 26 St & 10 Ave,40.74971775,-74.00295035,358,Christopher St & Greenwich St,40.73291553,-74.00711384,19862,Customer,\N,0
291,1329,20/07/2013 21:22,20/07/2013 21:44,388,W 26 St & 10 Ave,40.74971775,-74.00295035,358,Christopher St & Greenwich St,40.73291553,-74.00711384,18735,Customer,\N,0
292,1325,20/07/2013 21:22,20/07/2013 21:44,388,W 26 St & 10 Ave,40.74971775,-74.00295035,358,Christopher St & Greenwich St,40.73291553,-74.00711384,17489,Customer,\N,0
293,797,20/07/2013 21:29,20/07/2013 21:42,490,8 Ave & W 33 St,40.751551,-73.993934,388,W 26 St & 10 Ave,40.74971775,-74.00295035,16427,Customer,\N,0
294,1398,20/07/2013 21:37,20/07/2013 22:00,388,W 26 St & 10 Ave,40.74971775,-74.00295035,482,W 15 St & 7 Ave,40.73935542,-73.99931783,16230,Customer,\N,0
295,809,20/07/2013 21:44,20/07/2013 21:58,388,W 26 St & 10 Ave,40.74971775,-74.00295035,458,11 Ave & W 27 St,40.751396,-74.005226,16427,Customer,\N,0
296,477,20/07/2013 21:49,20/07/2013 21:57,450,W 49 St & 8 Ave,40.76227205,-73.98788205,388,W 26 St & 10 Ave,40.74971775,-74.00295035,16637,Subscriber,1987,1
297,2182,20/07/2013 21:57,20/07/2013 22:33,358,Christopher St & Greenwich St,40.73291553,-74.00711384,388,W 26 St & 10 Ave,40.74971775,-74.00295035,18214,Subscriber,1969,2
298,279,20/07/2013 22:02,20/07/2013 22:07,388,W 26 St & 10 Ave,40.74971775,-74.00295035,521,8 Ave & W 31 St,40.75044999,-73.99481051,18997,Subscriber,1976,1
299,1318,20/07/2013 22:50,20/07/2013 23:12,388,W 26 St & 10 Ave,40.74971775,-74.00295035,325,E 19 St & 3 Ave,40.73624527,-73.98473765,18214,Customer,\N,0
300,162,20/07/2013 23:04,20/07/2013 23:07,462,W 22 St & 10 Ave,40.74691959,-74.00451887,388,W 26 St & 10 Ave,40.74971775,-74.00295035,19070,Subscriber,1972,1
301,814,20/07/2013 23:53,21/07/2013 00:07,388,W 26 St & 10 Ave,40.74971775,-74.00295035,379,W 31 St & 7 Ave,40.749156,-73.9916,19070,Subscriber,1964,1
302,1758,21/07/2013 01:07,21/07/2013 01:36,225,W 14 St & The High Line,40.74195138,-74.00803013,388,W 26 St & 10 Ave,40.74971775,-74.00295035,14806,Customer,\N,0
303,584,21/07/2013 04:10,21/07/2013 04:20,388,W 26 St & 10 Ave,40.74971775,-74.00295035,515,W 43 St & 10 Ave,40.76009437,-73.99461843,16637,Subscriber,1989,1
304,480,21/07/2013 06:37,21/07/2013 06:45,449,W 52 St & 9 Ave,40.76461837,-73.98789473,388,W 26 St & 10 Ave,40.74971775,-74.00295035,16378,Subscriber,1987,2
305,745,21/07/2013 06:54,21/07/2013 07:07,2022,E 59 St & Sutton Pl,40.75849116,-73.95920622,388,W 26 St & 10 Ave,40.74971775,-74.00295035,18427,Subscriber,1976,1
306,9749,21/07/2013 08:00,21/07/2013 10:43,388,W 26 St & 10 Ave,40.74971775,-74.00295035,494,W 26 St & 8 Ave,40.74734825,-73.99723551,14806,Customer,\N,0
307,1121,21/07/2013 08:18,21/07/2013 08:37,388,W 26 St & 10 Ave,40.74971775,-74.00295035,426,West St & Chambers St,40.71754834,-74.01322069,19521,Subscriber,1975,1
308,1084,21/07/2013 08:19,21/07/2013 08:37,388,W 26 St & 10 Ave,40.74971775,-74.00295035,426,West St & Chambers St,40.71754834,-74.01322069,17405,Subscriber,1975,1
309,344,21/07/2013 08:38,21/07/2013 08:43,494,W 26 St & 8 Ave,40.74734825,-73.99723551,388,W 26 St & 10 Ave,40.74971775,-74.00295035,16537,Subscriber,1966,1
310,1483,21/07/2013 09:32,21/07/2013 09:56,417,Barclay St & Church St,40.71291224,-74.01020234,388,W 26 St & 10 Ave,40.74971775,-74.00295035,19611,Customer,\N,0
311,1481,21/07/2013 09:58,21/07/2013 10:22,388,W 26 St & 10 Ave,40.74971775,-74.00295035,312,Allen St & E Houston St,40.722055,-73.989111,19611,Customer,\N,0
312,1657,21/07/2013 09:58,21/07/2013 10:26,507,E 25 St & 2 Ave,40.73912601,-73.97973776,388,W 26 St & 10 Ave,40.74971775,-74.00295035,19471,Subscriber,1966,1
313,1485,21/07/2013 10:01,21/07/2013 10:25,152,Warren St & Church St,40.71473993,-74.00910627,388,W 26 St & 10 Ave,40.74971775,-74.00295035,17945,Customer,\N,0
314,269,21/07/2013 10:16,21/07/2013 10:20,466,W 25 St & 6 Ave,40.74395411,-73.99144871,388,W 26 St & 10 Ave,40.74971775,-74.00295035,20331,Subscriber,1969,1
315,235,21/07/2013 10:22,21/07/2013 10:26,325,E 19 St & 3 Ave,40.73624527,-73.98473765,388,W 26 St & 10 Ave,40.74971775,-74.00295035,18536,Subscriber,1980,2
316,182,21/07/2013 10:25,21/07/2013 10:28,388,W 26 St & 10 Ave,40.74971775,-74.00295035,494,W 26 St & 8 Ave,40.74734825,-73.99723551,20292,Subscriber,1977,1
317,1082,21/07/2013 10:35,21/07/2013 10:53,388,W 26 St & 10 Ave,40.74971775,-74.00295035,281,Grand Army Plaza & Central Park S,40.7643971,-73.97371465,17945,Customer,\N,0
318,356,21/07/2013 10:53,21/07/2013 10:59,478,11 Ave & W 41 St,40.76030096,-73.99884222,388,W 26 St & 10 Ave,40.74971775,-74.00295035,19662,Subscriber,1985,2
319,2473,21/07/2013 10:53,21/07/2013 11:35,514,12 Ave & W 40 St,40.76087502,-74.00277668,388,W 26 St & 10 Ave,40.74971775,-74.00295035,14761,Subscriber,1970,2
320,632,21/07/2013 10:56,21/07/2013 11:06,388,W 26 St & 10 Ave,40.74971775,-74.00295035,463,9 Ave & W 16 St,40.74206539,-74.00443172,16841,Customer,\N,0
321,619,21/07/2013 10:56,21/07/2013 11:06,388,W 26 St & 10 Ave,40.74971775,-74.00295035,463,9 Ave & W 16 St,40.74206539,-74.00443172,19761,Customer,\N,0
322,1531,21/07/2013 10:58,21/07/2013 11:23,388,W 26 St & 10 Ave,40.74971775,-74.00295035,2010,Grand St & Greene St,40.72165481,-74.00234737,19212,Customer,\N,0
323,1501,21/07/2013 10:58,21/07/2013 11:23,388,W 26 St & 10 Ave,40.74971775,-74.00295035,2010,Grand St & Greene St,40.72165481,-74.00234737,18031,Subscriber,1967,2
324,390,21/07/2013 11:07,21/07/2013 11:14,388,W 26 St & 10 Ave,40.74971775,-74.00295035,466,W 25 St & 6 Ave,40.74395411,-73.99144871,18780,Subscriber,1969,1
325,1210,21/07/2013 11:10,21/07/2013 11:30,388,W 26 St & 10 Ave,40.74971775,-74.00295035,147,Greenwich St & Warren St,40.71542197,-74.01121978,16352,Subscriber,1982,2
326,1358,21/07/2013 11:21,21/07/2013 11:44,388,W 26 St & 10 Ave,40.74971775,-74.00295035,428,E 3 St & 1 Ave,40.72467721,-73.98783413,19471,Subscriber,1977,1
327,853,21/07/2013 11:26,21/07/2013 11:40,388,W 26 St & 10 Ave,40.74971775,-74.00295035,328,Watts St & Greenwich St,40.72405549,-74.00965965,20331,Subscriber,1983,2
328,926,21/07/2013 11:26,21/07/2013 11:41,388,W 26 St & 10 Ave,40.74971775,-74.00295035,469,Broadway & W 53 St,40.76344058,-73.98268129,20343,Subscriber,1973,1
329,1764,21/07/2013 11:35,21/07/2013 12:04,388,W 26 St & 10 Ave,40.74971775,-74.00295035,363,West Thames St,40.70834698,-74.01713445,14761,Subscriber,1970,2
330,435,21/07/2013 11:38,21/07/2013 11:45,388,W 26 St & 10 Ave,40.74971775,-74.00295035,515,W 43 St & 10 Ave,40.76009437,-73.99461843,19662,Subscriber,1985,2
331,652,21/07/2013 11:50,21/07/2013 12:01,388,W 26 St & 10 Ave,40.74971775,-74.00295035,446,W 24 St & 7 Ave,40.74487634,-73.99529885,18536,Subscriber,1983,1
332,651,21/07/2013 11:50,21/07/2013 12:01,388,W 26 St & 10 Ave,40.74971775,-74.00295035,446,W 24 St & 7 Ave,40.74487634,-73.99529885,14586,Subscriber,1979,1
333,1113,21/07/2013 11:51,21/07/2013 12:09,388,W 26 St & 10 Ave,40.74971775,-74.00295035,247,Perry St & Bleecker St,40.73535398,-74.00483091,14759,Subscriber,1985,2
334,1215,21/07/2013 12:05,21/07/2013 12:25,507,E 25 St & 2 Ave,40.73912601,-73.97973776,388,W 26 St & 10 Ave,40.74971775,-74.00295035,20352,Customer,\N,0
335,1126,21/07/2013 12:24,21/07/2013 12:42,426,West St & Chambers St,40.71754834,-74.01322069,388,W 26 St & 10 Ave,40.74971775,-74.00295035,14812,Customer,\N,0
336,1358,21/07/2013 12:25,21/07/2013 12:48,388,W 26 St & 10 Ave,40.74971775,-74.00295035,212,W 16 St & The High Line,40.74334935,-74.00681753,20352,Customer,\N,0
337,344,21/07/2013 12:35,21/07/2013 12:41,521,8 Ave & W 31 St,40.75044999,-73.99481051,388,W 26 St & 10 Ave,40.74971775,-74.00295035,16536,Subscriber,1972,1
338,1430,21/07/2013 12:39,21/07/2013 13:03,375,Mercer St & Bleecker St,40.72679454,-73.99695094,388,W 26 St & 10 Ave,40.74971775,-74.00295035,17260,Subscriber,1981,1
339,1312,21/07/2013 12:44,21/07/2013 13:06,388,W 26 St & 10 Ave,40.74971775,-74.00295035,284,Greenwich Ave & 8 Ave,40.73901691,-74.00263761,14812,Customer,\N,0
340,602,21/07/2013 12:50,21/07/2013 13:00,388,W 26 St & 10 Ave,40.74971775,-74.00295035,462,W 22 St & 10 Ave,40.74691959,-74.00451887,16536,Customer,\N,0
341,1390,21/07/2013 13:04,21/07/2013 13:27,329,Greenwich St & N Moore St,40.72043411,-74.01020609,388,W 26 St & 10 Ave,40.74971775,-74.00295035,16331,Customer,\N,0
342,427,21/07/2013 13:07,21/07/2013 13:15,284,Greenwich Ave & 8 Ave,40.73901691,-74.00263761,388,W 26 St & 10 Ave,40.74971775,-74.00295035,16850,Subscriber,1958,1
343,634,21/07/2013 13:22,21/07/2013 13:33,388,W 26 St & 10 Ave,40.74971775,-74.00295035,461,E 20 St & 2 Ave,40.73587678,-73.98205027,16850,Subscriber,1966,1
344,507,21/07/2013 13:27,21/07/2013 13:35,499,Broadway & W 60 St,40.76915505,-73.98191841,388,W 26 St & 10 Ave,40.74971775,-74.00295035,15744,Subscriber,1981,1
345,1333,21/07/2013 13:31,21/07/2013 13:53,388,W 26 St & 10 Ave,40.74971775,-74.00295035,347,W Houston St & Hudson St,40.72873888,-74.00748842,17719,Customer,\N,0
346,262,21/07/2013 13:33,21/07/2013 13:37,509,9 Ave & W 22 St,40.7454973,-74.00197139,388,W 26 St & 10 Ave,40.74971775,-74.00295035,17193,Subscriber,1988,1
347,2610,21/07/2013 13:38,21/07/2013 14:21,304,Broadway & Battery Pl,40.70463334,-74.01361706,388,W 26 St & 10 Ave,40.74971775,-74.00295035,18976,Customer,\N,0
348,2371,21/07/2013 13:42,21/07/2013 14:21,304,Broadway & Battery Pl,40.70463334,-74.01361706,388,W 26 St & 10 Ave,40.74971775,-74.00295035,16932,Customer,\N,0
349,242,21/07/2013 13:46,21/07/2013 13:50,388,W 26 St & 10 Ave,40.74971775,-74.00295035,480,W 53 St & 10 Ave,40.76669671,-73.99061728,15744,Subscriber,1991,1
350,1632,21/07/2013 13:55,21/07/2013 14:22,2008,Little West St & 1 Pl,40.70569254,-74.01677685,388,W 26 St & 10 Ave,40.74971775,-74.00295035,18425,Customer,\N,0
351,1591,21/07/2013 13:55,21/07/2013 14:21,487,E 20 St & FDR Drive,40.73314259,-73.97573881,388,W 26 St & 10 Ave,40.74971775,-74.00295035,17664,Customer,\N,0
352,329,21/07/2013 13:57,21/07/2013 14:02,337,Old Slip & Front St,40.7037992,-74.00838676,388,W 26 St & 10 Ave,40.74971775,-74.00295035,19181,Subscriber,1956,1
353,928,21/07/2013 13:59,21/07/2013 14:15,388,W 26 St & 10 Ave,40.74971775,-74.00295035,461,E 20 St & 2 Ave,40.73587678,-73.98205027,16331,Subscriber,1958,1
354,729,21/07/2013 14:08,21/07/2013 14:20,388,W 26 St & 10 Ave,40.74971775,-74.00295035,212,W 16 St & The High Line,40.74334935,-74.00681753,19181,Customer,\N,0
355,721,21/07/2013 14:08,21/07/2013 14:20,388,W 26 St & 10 Ave,40.74971775,-74.00295035,212,W 16 St & The High Line,40.74334935,-74.00681753,17193,Customer,\N,0
356,2961,21/07/2013 14:10,21/07/2013 15:00,383,Greenwich Ave & Charles St,40.735238,-74.000271,388,W 26 St & 10 Ave,40.74971775,-74.00295035,15735,Subscriber,1980,1
357,360,21/07/2013 14:12,21/07/2013 14:18,388,W 26 St & 10 Ave,40.74971775,-74.00295035,477,W 41 St & 8 Ave,40.75640548,-73.9900262,15780,Customer,\N,0
358,976,21/07/2013 14:13,21/07/2013 14:29,388,W 26 St & 10 Ave,40.74971775,-74.00295035,280,E 10 St & 5 Ave,40.73331967,-73.99510132,16378,Subscriber,1986,2
359,1296,21/07/2013 14:18,21/07/2013 14:40,358,Christopher St & Greenwich St,40.73291553,-74.00711384,388,W 26 St & 10 Ave,40.74971775,-74.00295035,16478,Subscriber,1949,2
